{
  "amt": {
    "mean": 69.3928102332294,
    "std": 156.74594135531336
  },
  "hour": {
    "mean": 12.809061774026082,
    "std": 6.8109235070119984
  },
  "day_of_week": {
    "mean": 2.7267791815647837,
    "std": 2.1786811839943105
  },
  "day": {
    "mean": 16.463903519584537,
    "std": 8.95531105175313
  },
  "month": {
    "mean": 9.508535788770944,
    "std": 1.978205353598801
  },
  "amt_log": {
    "mean": 3.527641131104942,
    "std": 1.2857760158618918
  }
}